date,ticker,action
2023-10-05,ALCC,Extension Vote
2023-10-05,FBYD,Listed De-SPAC
2023-10-05,OKLO,Extension Vote
2023-10-06,QETA,Priced SPAC IPO
2023-10-06,SPKL,Priced SPAC IPO
2023-10-09,ASCA,Extension Vote
2023-10-09,NIVF,Extension Vote
2023-10-09,NNAG,Est. Split
2023-10-10,BTWN,Merger Vote
2023-10-11,LCW,Extension Vote
2023-10-12,LHC,Extension Vote
2023-10-12,MNY,Listed De-SPAC
2023-10-12,TRCA,Merger Vote
2023-10-13,PCCT,Merger Vote
2023-10-16,WWAC,Extension Vote
2023-10-17,DKDCA,Merger Vote
2023-10-19,AIBAF,Extension Vote
2023-10-19,EGOXF,Listed De-SPAC
2023-10-19,SPEC,Listed De-SPAC
2023-10-20,ESAC,Extension Vote
2023-10-20,ZEO,Extension Vote
2023-10-23,ASPA,Merger Vote
2023-10-24,FRBN,Merger Vote
2023-10-26,OHAA,Extension Vote
2023-10-27,TGVC,Extension Vote
2023-10-30,AMAO,Merger Vote
2023-10-31,AAC,Merger Vote
2023-10-31,ENGN,Listed De-SPAC
2023-10-31,OLIT,Merger Vote
